crop,model,model_type,accuracy,balanced_accuracy,f1_macro,f1_weighted,precision_macro,recall_macro,precision_increase,recall_increase,f1_increase,precision_stable,recall_stable,f1_stable,precision_decrease,recall_decrease,f1_decrease,wait_precision,sell_precision
Rice,majority_class,Baseline,0.7125,0.3333,0.2774,0.5929,0.2375,0.3333,0.0,0.0,0.0,0.7125,1.0,0.8321,0.0,0.0,0.0,0.0,0.8379
Rice,persistence,Baseline,0.7125,0.3333,0.2774,0.5929,0.2375,0.3333,0.0,0.0,0.0,0.7125,1.0,0.8321,0.0,0.0,0.0,0.0,0.8379
Rice,momentum,Baseline,0.7431,0.5289,0.5212,0.7585,0.5173,0.5289,0.3051,0.3396,0.3214,0.9724,0.9056,0.9378,0.2745,0.3415,0.3043,0.3051,0.8694
Rice,logistic_regression,ML Classifier,0.3028,0.426,0.2406,0.3153,0.6818,0.426,1.0,0.0377,0.0727,0.8889,0.2403,0.3784,0.1565,1.0,0.2706,1.0,0.8431
Rice,random_forest,ML Classifier,0.3303,0.4619,0.364,0.3709,0.4736,0.4619,0.0824,0.283,0.1277,0.9062,0.2489,0.3906,0.4321,0.8537,0.5738,0.0824,0.7379
Rice,gradient_boosting,ML Classifier,0.4312,0.5176,0.408,0.4803,0.4715,0.5176,0.1069,0.2642,0.1522,0.9375,0.3863,0.5471,0.37,0.9024,0.5248,0.1069,0.801
Rice,hist_gradient_boosting,ML Classifier,0.3945,0.4755,0.3609,0.4413,0.441,0.4755,0.1102,0.2453,0.152,0.9318,0.3519,0.5109,0.281,0.8293,0.4198,0.1102,0.8086
Tomato,majority_class,Baseline,0.2603,0.3333,0.1377,0.1076,0.0868,0.3333,0.2603,1.0,0.4131,0.0,0.0,0.0,0.0,0.0,0.0,0.2603,0.0
Tomato,persistence,Baseline,0.3796,0.3333,0.1834,0.2089,0.1265,0.3333,0.0,0.0,0.0,0.3796,1.0,0.5503,0.0,0.0,0.0,0.0,0.7397
Tomato,momentum,Baseline,0.3285,0.3097,0.3158,0.3366,0.3254,0.3097,0.1356,0.1495,0.1422,0.5462,0.4551,0.4965,0.2945,0.3243,0.3087,0.1356,0.6894
Tomato,logistic_regression,ML Classifier,0.4282,0.4105,0.3767,0.3844,0.4746,0.4105,0.525,0.1963,0.2857,0.5,0.2244,0.3097,0.3987,0.8108,0.5345,0.525,0.7682
Tomato,random_forest,ML Classifier,0.5036,0.526,0.4931,0.4879,0.5279,0.526,0.4167,0.7009,0.5226,0.6143,0.2756,0.3805,0.5528,0.6014,0.5761,0.4167,0.8615
Tomato,gradient_boosting,ML Classifier,0.4842,0.5172,0.4733,0.4681,0.5556,0.5172,0.368,0.7944,0.503,0.6909,0.2436,0.3602,0.608,0.5135,0.5568,0.368,0.8778
Tomato,hist_gradient_boosting,ML Classifier,0.4769,0.5023,0.4698,0.4643,0.4943,0.5023,0.3858,0.7103,0.5,0.494,0.2628,0.3431,0.6031,0.5338,0.5663,0.3858,0.8551
Wheat,majority_class,Baseline,0.5746,0.3333,0.2433,0.4193,0.1915,0.3333,0.0,0.0,0.0,0.5746,1.0,0.7298,0.0,0.0,0.0,0.0,0.7866
Wheat,persistence,Baseline,0.5746,0.3333,0.2433,0.4193,0.1915,0.3333,0.0,0.0,0.0,0.5746,1.0,0.7298,0.0,0.0,0.0,0.0,0.7866
Wheat,momentum,Baseline,0.4504,0.3126,0.3126,0.4503,0.3125,0.3126,0.1016,0.101,0.1013,0.6934,0.6934,0.6934,0.1426,0.1434,0.143,0.1016,0.7566
Wheat,logistic_regression,ML Classifier,0.5264,0.5252,0.502,0.5373,0.4976,0.5252,0.3428,0.4792,0.3997,0.6927,0.5287,0.5997,0.4575,0.5677,0.5067,0.3428,0.8417
Wheat,random_forest,ML Classifier,0.6008,0.5937,0.5717,0.6094,0.5635,0.5937,0.4388,0.5822,0.5004,0.7534,0.6132,0.6761,0.4983,0.5857,0.5385,0.4388,0.8757
Wheat,gradient_boosting,ML Classifier,0.6308,0.5519,0.5623,0.6228,0.5782,0.5519,0.5046,0.4317,0.4653,0.6934,0.7699,0.7296,0.5365,0.4542,0.4919,0.5046,0.8517
Wheat,hist_gradient_boosting,ML Classifier,0.5932,0.5764,0.5591,0.6015,0.5517,0.5764,0.4241,0.5426,0.4761,0.7404,0.6228,0.6765,0.4905,0.5637,0.5246,0.4241,0.8658
Cotton,majority_class,Baseline,0.525,0.3333,0.2295,0.3615,0.175,0.3333,0.0,0.0,0.0,0.525,1.0,0.6885,0.0,0.0,0.0,0.0,0.7625
Cotton,persistence,Baseline,0.525,0.3333,0.2295,0.3615,0.175,0.3333,0.0,0.0,0.0,0.525,1.0,0.6885,0.0,0.0,0.0,0.0,0.7625
Cotton,momentum,Baseline,0.4375,0.297,0.2617,0.3725,0.2507,0.297,0.0909,0.0526,0.0667,0.55,0.7857,0.6471,0.1111,0.0526,0.0714,0.0909,0.7391
Cotton,logistic_regression,ML Classifier,0.4,0.4942,0.3937,0.3565,0.4533,0.4942,0.36,0.4737,0.4091,0.6364,0.1667,0.2642,0.3636,0.8421,0.5079,0.36,0.8182
Cotton,random_forest,ML Classifier,0.4375,0.4891,0.4349,0.4285,0.4503,0.4891,0.32,0.4211,0.3636,0.619,0.3095,0.4127,0.4118,0.7368,0.5283,0.32,0.8
Cotton,gradient_boosting,ML Classifier,0.6,0.5827,0.5517,0.5847,0.6257,0.5827,0.7143,0.2632,0.3846,0.6923,0.6429,0.6667,0.4706,0.8421,0.6038,0.7143,0.8082
Cotton,hist_gradient_boosting,ML Classifier,0.5125,0.383,0.3691,0.451,0.4473,0.383,0.4286,0.1579,0.2308,0.5385,0.8333,0.6542,0.375,0.1579,0.2222,0.4286,0.7808
